County,"All
Ages",15-19,15-17,18-19,20-24,25-29,30-34,35-39,40-44,,
State Total2016,12.2,8.1,4.3,13.7,20.6,19.6,13.0,7.6,2.9,,
Adams2016,5.2,*,*,*,10.1,17.7,*,*,*,,
Asotin2016,7.8,*,*,*,13.5,10.2,11.9,*,*,,
Benton2016,9.8,8.4,5.3,13.8,16.7,15.0,11.7,3.8,2.0,,
Chelan2016,7.9,7.1,4.2,12.3,11.4,15.0,6.1,5.1,2.9,,
Clallam2016,11.1,7.9,7.6,8.3,20.3,16.1,11.3,8.2,*,,
Clark2016,10.1,6.0,3.3,10.6,18.9,18.1,11.6,5.3,1.6,,
Columbia2016,*,*,*,*,*,*,*,*,*,,
Cowlitz2016,8.4,4.8,*,11.8,13.8,14.3,9.2,5.7,1.7,,
Douglas2016,3.5,3.8,*,*,*,9.6,*,*,*,,
Ferry2016,10.7,*,*,*,*,39.7,*,*,*,,
Franklin2016,8.8,7.4,3.1,15.5,15.5,15.4,6.9,4.2,1.9,,
Garfield2016,*,*,*,*,*,*,*,*,*,,
Grant2016,6.8,5.3,*,13.3,14.4,10.5,7.4,2.1,*,,
Grays Harbor2016,12.0,9.3,4.8,17.4,14.7,25.4,13.6,8.4,*,,
Island2016,10.6,11.1,6.3,18.8,18.6,15.5,9.6,4.1,*,,
Jefferson2016,11.5,*,*,*,12.2,27.9,15.8,9.8,*,,
King2016,13.6,8.8,4.8,14.7,23.9,19.1,13.8,9.7,4.2,,
Kitsap2016,12.5,7.3,2.9,15.4,23.8,23.1,12.1,7.4,2.4,,
Kittitas2016,7.8,2.7,*,3.1,11.1,15.0,19.3,*,*,,
Klickitat2016,7.7,*,*,*,17.4,18.3,*,*,*,,
Lewis2016,11.7,10.0,5.0,18.8,22.5,16.5,11.6,7.6,*,,
Lincoln2016,8.2,*,*,*,*,26.5,*,*,*,,
Mason2016,11.9,10.2,*,22.7,20.5,20.2,12.4,5.2,*,,
Okanogan2016,8.4,*,*,*,17.8,20.3,8.9,*,*,,
Pacific2016,8.9,*,*,*,30.0,15.5,*,*,*,,
Pend Oreille2016,6.6,*,*,*,*,*,*,*,*,,
Pierce2016,16.2,10.8,6.1,18.8,26.7,26.3,18.2,9.3,3.4,,
San Juan2016,14.5,*,*,*,28.3,38.3,*,13.6,*,,
Skagit2016,10.9,12.4,6.2,23.5,21.3,15.0,9.4,3.4,2.4,,
Skamania2016,6.7,*,*,*,17.4,*,*,*,*,,
Snohomish2016,12.6,9.8,5.0,18.4,20.9,20.7,13.4,8.3,3.1,,
Spokane2016,10.4,6.0,3.9,8.7,15.9,17.0,12.8,6.0,1.8,,
Stevens2016,6.3,*,*,*,11.3,12.0,7.5,*,*,,
Thurston2016,13.0,8.9,3.8,16.5,21.0,23.5,13.7,7.7,2.6,,
Wahkiakum2016,10.8,*,*,*,*,*,*,*,*,,
Walla Walla2016,8.1,5.4,*,8.0,9.7,18.5,6.7,5.3,*,,
Whatcom2016,9.1,5.4,3.2,7.3,14.2,15.0,10.1,5.9,1.9,,
Whitman2016,5.5,3.1,*,4.0,8.4,6.1,*,*,*,,
Yakima2016,10.8,10.3,3.7,23.2,24.7,23.7,8.4,3.8,1.0,,
State Total2015,12.5,8.7,4.5,15.0,21.8,19.3,12.9,8.0,2.9,,
Adams2015,6.2,5.8,*,*,16.5,*,*,*,*,,
Asotin2015,4.0,*,*,*,*,*,*,*,*,,
Benton2015,9.8,7.3,4.3,12.6,18.5,16.8,9.2,3.8,2.1,,
Chelan2015,8.9,8.5,4.9,15.0,10.2,17.8,8.8,5.2,*,,
Clallam2015,11.9,8.4,6.7,11.5,18.5,17.6,12.8,11.4,*,,
Clark2015,10.6,7.7,3.1,15.6,22.5,16.3,9.9,6.3,2.2,,
Columbia2015,*,*,*,*,*,*,*,*,*,,
Cowlitz2015,9.4,8.1,3.0,17.2,14.9,16.2,11.3,4.1,*,,
Douglas2015,4.2,*,*,*,*,5.2,11.8,*,*,,
Ferry2015,8.7,*,*,*,*,*,*,*,*,,
Franklin2015,8.3,6.8,3.2,13.8,16.6,9.5,8.4,5.2,2.2,,
Garfield2015,*,*,*,*,*,*,*,*,*,,
Grant2015,6.9,6.3,3.7,11.4,14.1,8.6,6.5,4.3,*,,
Grays Harbor2015,9.8,5.2,*,8.7,17.1,11.3,16.8,5.3,*,,
Island2015,10.5,7.5,4.3,12.9,18.6,15.3,10.9,5.7,*,,
Jefferson2015,12.3,*,*,*,19.1,22.0,18.8,8.3,*,,
King2015,14.2,10.0,5.2,16.9,25.2,20.5,14.6,9.7,4.2,,
Kitsap2015,13.1,8.8,2.9,19.1,26.6,20.1,15.3,6.9,1.5,,
Kittitas2015,7.7,5.4,*,7.7,12.5,12.6,*,*,*,,
Klickitat2015,6.9,*,*,*,17.0,17.9,*,*,*,,
Lewis2015,14.0,12.6,6.4,22.8,25.7,22.2,12.6,8.1,*,,
Lincoln2015,5.3,*,*,*,*,*,*,*,*,,
Mason2015,12.2,7.1,*,14.5,22.3,17.7,15.3,7.1,*,,
Okanogan2015,6.8,*,*,*,18.5,9.5,5.8,*,*,,
Pacific2015,9.9,*,*,*,25.9,*,13.8,*,*,,
Pend Oreille2015,7.6,*,*,*,14.8,*,*,*,*,,
Pierce2015,16.3,11.7,6.1,21.3,27.7,26.2,16.1,10.5,3.3,,
San Juan2015,13.0,*,*,*,19.3,31.0,*,*,*,,
Skagit2015,12.2,10.2,4.1,21.4,20.6,15.7,13.6,10.9,1.5,,
Skamania2015,7.7,*,*,*,*,20.7,*,*,*,,
Snohomish2015,12.3,10.1,5.3,18.7,21.3,19.4,12.8,8.3,2.9,,
Spokane2015,10.0,7.2,3.9,11.1,16.4,15.6,10.9,5.3,1.8,,
Stevens2015,7.4,*,*,*,14.3,13.6,12.5,*,*,,
Thurston2015,13.1,9.3,5.6,14.8,23.5,21.0,14.4,7.1,2.7,,
Wahkiakum2015,*,*,*,*,*,*,*,*,*,,
Walla Walla2015,8.2,8.1,4.8,11.9,13.4,11.2,8.3,3.3,*,,
Whatcom2015,9.3,4.4,2.9,5.6,14.8,15.9,10.8,6.1,2.3,,
Whitman2015,5.9,3.3,*,4.6,9.1,6.6,*,*,*,,
Yakima2015,10.9,9.4,5.0,18.2,26.1,20.4,6.0,5.5,1.9,,
State Total2014,12.8,8.8,4.9,14.5,23.8,19.7,12.6,8.0,2.6,,
Adams2014,6.3,7.5,*,*,15.7,*,*,*,*,,
Asotin2014,9.7,*,*,*,21.1,14.9,8.1,*,*,,
Benton2014,9.3,6.6,4.4,10.6,20.5,14.9,6.5,4.8,1.0,,
Chelan2014,6.9,4.9,*,9.8,13.9,8.6,7.8,5.3,*,,
Clallam2014,12.2,13.3,9.5,20.0,25.1,16.3,10.9,7.3,*,,
Clark2014,10.4,7.7,4.2,13.7,19.5,17.4,9.9,5.9,1.8,,
Columbia2014,10.8,*,*,*,*,*,*,*,*,,
Cowlitz2014,9.5,6.8,5.1,9.9,15.6,15.3,10.6,6.2,*,,
Douglas2014,6.2,*,*,*,14.3,10.6,7.4,*,*,,
Ferry2014,4.7,*,*,*,*,*,*,*,*,,
Franklin2014,7.6,6.3,3.3,12.0,12.7,10.6,7.3,6.3,1.9,,
Garfield2014,*,*,*,*,*,*,*,*,*,,
Grant2014,6.8,5.0,*,11.1,16.1,10.3,6.1,1.8,*,,
Grays Harbor2014,10.8,10.2,7.3,15.2,17.4,15.0,14.5,5.4,*,,
Island2014,9.4,9.3,5.1,16.1,13.2,11.9,8.0,11.0,*,,
Jefferson2014,17.0,*,*,*,42.5,22.0,21.7,10.2,*,,
King2014,15.0,10.2,5.4,17.1,29.5,22.1,14.3,10.3,3.8,,
Kitsap2014,12.1,10.1,5.9,16.9,25.0,18.8,11.4,6.0,2.1,,
Kittitas2014,7.7,3.6,*,5.4,13.9,10.3,9.6,*,*,,
Klickitat2014,6.2,*,*,*,16.7,*,*,*,*,,
Lewis2014,11.7,7.6,4.3,13.3,21.1,18.7,12.4,5.8,2.3,,
Lincoln2014,6.6,*,*,*,*,25.1,*,*,*,,
Mason2014,13.8,15.9,12.1,22.4,27.2,17.1,11.3,6.6,3.7,,
Okanogan2014,9.1,4.6,*,*,21.3,16.9,9.4,*,*,,
Pacific2014,9.0,*,*,*,13.9,12.5,13.6,*,*,,
Pend Oreille2014,4.3,*,*,*,*,20.2,*,*,*,,
Pierce2014,16.8,12.4,6.2,23.0,30.7,25.7,16.0,10.1,3.2,,
San Juan2014,10.6,*,*,*,19.7,20.7,14.0,*,*,,
Skagit2014,11.2,10.0,4.1,20.3,21.1,18.2,12.2,3.3,*,,
Skamania2014,2.7,*,*,*,*,*,*,*,*,,
Snohomish2014,12.8,8.6,4.6,15.5,24.0,19.8,14.0,8.5,2.5,,
Spokane2014,10.8,6.9,4.7,9.4,17.8,17.4,11.7,6.0,1.7,,
Stevens2014,5.8,*,*,*,5.7,16.5,6.1,5.9,*,,
Thurston2014,12.1,8.7,4.6,14.7,22.2,19.3,12.2,7.8,2.1,,
Wahkiakum2014,10.5,*,*,*,*,*,*,*,*,,
Walla Walla2014,7.2,4.7,*,9.3,11.3,13.2,6.1,3.3,*,,
Whatcom2014,9.9,6.3,4.3,7.9,18.6,13.2,8.3,6.5,2.8,,
Whitman2014,6.8,3.2,*,4.2,10.7,8.3,4.8,*,*,,
Yakima2014,12.0,10.6,6.0,19.6,26.6,20.1,9.6,4.7,1.7,,
State Total2013,12.8,10.0,5.7,16.3,24.4,19.2,12.3,7.4,2.7,,
Adams2013,6.1,*,*,*,16.2,*,9.7,7.9,*,,
Asotin2013,10.7,14.7,*,24.3,12.6,16.2,9.7,*,*,,
Benton2013,8.9,6.9,2.9,13.8,18.5,13.5,7.2,5.1,1.6,,
Chelan2013,8.3,6.6,4.9,9.7,18.7,12.5,6.0,4.9,*,,
Clallam2013,11.8,11.4,8.4,16.6,22.4,16.8,11.5,6.2,*,,
Clark2013,10.7,8.7,4.7,15.6,23.2,15.4,9.2,6.0,2.5,,
Columbia2013,*,*,*,*,*,*,*,*,*,,
Cowlitz2013,8.4,7.3,3.5,13.9,14.7,12.4,8.3,5.2,*,,
Douglas2013,5.2,3.7,*,*,10.7,8.8,5.8,*,*,,
Ferry2013,8.4,*,*,*,*,*,*,*,*,,
Franklin2013,11.2,13.9,8.5,24.5,24.0,16.3,5.2,4.8,*,,
Garfield2013,*,*,*,*,*,*,*,*,*,,
Grant2013,7.2,7.2,2.9,15.4,15.3,9.7,5.1,2.2,1.9,,
Grays Harbor2013,9.5,7.5,*,14.6,14.5,14.0,11.6,6.0,2.5,,
Island2013,9.0,6.5,5.9,7.3,16.4,15.8,6.6,3.7,2.4,,
Jefferson2013,15.5,11.6,*,*,29.2,25.9,11.8,12.2,*,,
King2013,15.0,11.3,6.5,18.2,29.3,21.8,15.0,9.4,3.7,,
Kitsap2013,12.5,10.9,6.0,18.7,25.6,18.6,10.9,7.2,2.4,,
Kittitas2013,7.2,4.6,*,4.9,9.5,10.8,9.4,*,*,,
Klickitat2013,6.5,*,*,*,18.6,*,*,*,*,,
Lewis2013,11.8,12.5,7.5,22.0,21.2,19.3,10.5,6.3,*,,
Lincoln2013,5.3,*,*,*,*,*,*,*,*,,
Mason2013,15.4,14.7,12.3,18.6,23.8,22.2,20.8,5.3,5.4,,
Okanogan2013,10.3,8.7,*,15.8,17.6,17.5,11.2,*,*,,
Pacific2013,8.5,*,*,*,13.2,*,11.3,*,*,,
Pend Oreille2013,9.7,*,*,*,20.2,28.3,*,*,*,,
Pierce2013,16.8,14.5,7.6,26.1,32.8,25.0,15.1,8.0,2.9,,
San Juan2013,6.7,*,*,*,16.9,*,*,*,*,,
Skagit2013,12.5,13.5,10.6,18.5,21.4,19.9,12.2,4.5,1.7,,
Skamania2013,4.9,*,*,*,*,*,*,*,*,,
Snohomish2013,12.4,9.4,4.5,17.4,26.6,17.8,12.0,7.5,2.4,,
Spokane2013,10.2,7.5,4.3,11.4,18.1,15.6,9.3,5.8,1.8,,
Stevens2013,6.3,8.1,5.4,12.4,9.9,7.9,7.0,*,*,,
Thurston2013,12.3,9.3,3.9,17.1,22.9,19.4,11.9,7.6,1.8,,
Wahkiakum2013,*,*,*,*,*,*,*,*,*,,
Walla Walla2013,8.1,10.5,6.4,15.4,8.6,13.0,8.7,4.0,*,,
Whatcom2013,9.6,5.3,3.1,7.1,17.3,13.0,10.2,6.3,2.4,,
Whitman2013,5.1,2.9,*,3.6,7.3,4.9,*,7.9,*,,
Yakima2013,12.8,12.0,7.2,20.9,27.7,21.5,10.3,4.3,1.9,,
State Total2012,13.5,11.1,6.5,17.9,25.9,19.6,12.6,7.7,2.8,,
Adams2012,4.3,*,*,*,*,*,*,*,*,,
Asotin2012,11.1,10.6,*,*,19.3,17.5,8.1,*,*,,
Benton2012,9.8,8.9,4.5,16.1,20.3,13.8,7.5,4.7,2.1,,
Chelan2012,6.6,5.1,3.4,7.8,9.6,13.0,6.5,4.9,*,,
Clallam2012,12.2,13.4,6.6,24.8,22.7,11.9,16.9,6.3,*,,
Clark2012,9.8,8.9,5.6,14.6,21.6,12.6,9.1,5.1,2.1,,
Columbia2012,*,*,*,*,*,*,*,*,*,,
Cowlitz2012,9.4,8.0,4.0,14.4,19.3,16.7,6.3,5.1,*,,
Douglas2012,7.2,5.1,*,11.3,16.7,12.3,5.8,*,*,,
Ferry2012,11.2,*,*,*,33.0,*,*,*,*,,
Franklin2012,9.4,12.2,6.7,22.8,15.8,11.9,6.3,6.7,*,,
Garfield2012,*,*,*,*,*,*,*,*,*,,
Grant2012,8.8,8.5,6.5,12.1,16.9,11.4,8.2,5.9,*,,
Grays Harbor2012,13.7,10.7,7.8,15.6,19.8,26.9,13.6,6.0,2.9,,
Island2012,12.8,15.0,8.1,24.6,23.7,13.9,11.4,7.8,3.2,,
Jefferson2012,14.6,12.5,*,33.5,16.8,26.0,18.3,12.3,*,,
King2012,15.6,12.3,6.9,20.1,30.4,22.0,16.0,9.9,4.0,,
Kitsap2012,13.1,12.4,6.1,21.9,28.4,17.8,11.7,5.8,2.0,,
Kittitas2012,8.3,4.7,*,5.9,13.7,14.7,7.3,*,*,,
Klickitat2012,7.1,*,*,*,25.3,*,*,*,*,,
Lewis2012,12.0,12.7,7.5,21.7,24.4,19.9,6.4,7.4,*,,
Lincoln2012,*,*,*,*,*,*,*,*,*,,
Mason2012,11.5,12.5,8.9,18.6,24.2,13.3,14.0,3.3,*,,
Okanogan2012,11.4,7.6,7.1,*,24.7,18.7,9.2,7.4,*,,
Pacific2012,10.3,12.5,*,*,23.3,14.3,*,*,*,,
Pend Oreille2012,5.4,12.3,*,*,*,*,*,*,*,,
Pierce2012,17.0,15.3,8.1,26.9,33.3,25.4,14.2,8.6,2.7,,
San Juan2012,8.2,*,*,*,20.6,29.1,*,*,*,,
Skagit2012,11.5,10.5,6.8,16.1,26.6,12.7,9.8,7.0,1.7,,
Skamania2012,7.6,*,*,*,28.3,*,*,*,*,,
Snohomish2012,13.4,10.9,6.4,18.1,28.3,20.6,12.5,7.5,2.5,,
Spokane2012,10.9,8.1,4.9,12.3,19.5,15.7,10.7,5.1,2.0,,
Stevens2012,7.1,5.1,*,11.1,13.5,10.3,10.8,4.8,*,,
Thurston2012,14.0,12.4,7.0,20.3,28.7,19.4,10.9,8.3,3.8,,
Wahkiakum2012,*,*,*,*,*,*,*,*,*,,
Walla Walla2012,9.2,9.8,4.2,16.9,9.9,19.9,6.5,6.0,*,,
Whatcom2012,11.4,8.5,7.8,9.1,19.8,15.0,9.9,7.4,2.9,,
Whitman2012,13.9,5.3,*,6.4,15.4,23.5,30.3,18.2,9.7,,
Yakima2012,12.7,14.9,8.5,25.0,26.2,21.1,7.2,5.4,0.9,,
State Total2011,14.8,13.2,7.6,21.2,28.8,20.8,13.7,8.2,3.2,,
Adams2011,10.6,9.5,*,*,18.3,15.9,13.9,*,*,,
Asotin2011,12.4,9.0,*,18.2,28.1,19.6,*,*,7.8,,
Benton2011,11.2,10.1,4.8,19.2,23.7,16.6,10.4,4.0,2.3,,
Chelan2011,9.4,11.2,5.8,20.6,22.8,9.2,6.8,4.5,*,,
Clallam2011,15.2,15.1,15.6,14.2,34.2,20.6,15.9,4.4,*,,
Clark2011,13.0,12.5,6.9,22.4,28.5,17.1,12.4,6.8,2.6,,
Columbia2011,8.9,*,*,*,*,*,*,*,*,,
Cowlitz2011,9.3,10.5,6.2,17.4,20.3,14.8,6.6,3.0,1.5,,
Douglas2011,8.4,6.6,5.4,*,20.0,9.6,6.6,6.9,*,,
Ferry2011,4.6,*,*,*,*,*,*,*,*,,
Franklin2011,12.5,13.9,9.1,21.4,30.0,12.8,11.1,4.5,*,,
Garfield2011,*,*,*,*,*,*,*,*,*,,
Grant2011,9.9,11.0,7.4,16.5,22.3,15.9,4.1,3.8,*,,
Grays Harbor2011,14.2,15.3,7.4,27.4,23.8,21.9,12.9,7.5,3.4,,
Island2011,10.7,9.1,4.2,18.7,22.3,17.1,9.6,3.1,*,,
Jefferson2011,15.0,*,*,*,31.1,29.9,18.4,*,*,,
King2011,17.3,15.0,8.3,24.2,33.1,23.7,16.9,11.0,4.2,,
Kitsap2011,14.2,12.5,6.0,23.1,28.6,22.7,12.1,5.8,3.2,,
Kittitas2011,9.9,9.9,8.8,10.3,12.6,13.1,8.8,6.2,*,,
Klickitat2011,10.9,14.7,*,29.3,25.1,11.7,*,*,*,,
Lewis2011,15.2,12.7,3.5,27.3,30.9,23.0,14.5,6.9,3.6,,
Lincoln2011,7.6,15.9,*,*,28.6,*,*,*,*,,
Mason2011,15.1,12.4,4.8,24.5,33.5,24.8,14.1,3.9,3.0,,
Okanogan2011,9.8,11.0,8.5,15.7,23.0,8.7,11.4,4.6,*,,
Pacific2011,12.1,18.4,*,33.5,14.5,21.0,*,*,*,,
Pend Oreille2011,12.7,16.1,*,*,41.2,*,*,*,*,,
Pierce2011,18.7,16.1,9.0,26.8,38.7,27.3,15.9,9.1,3.8,,
San Juan2011,8.8,*,*,*,32.7,*,*,*,*,,
Skagit2011,11.5,12.9,7.5,22.1,29.2,15.1,8.6,2.4,*,,
Skamania2011,3.3,*,*,*,*,*,*,*,*,,
Snohomish2011,14.1,12.1,7.7,19.6,29.6,19.5,14.2,8.3,3.4,,
Spokane2011,11.3,11.3,6.2,17.1,20.2,15.8,9.2,5.3,1.9,,
Stevens2011,8.4,7.5,4.9,13.5,21.6,14.0,9.3,*,*,,
Thurston2011,15.1,13.1,7.7,21.3,31.0,23.4,11.8,7.9,2.9,,
Wahkiakum2011,*,*,*,*,*,*,*,*,*,,
Walla Walla2011,8.8,10.5,8.2,12.6,11.9,14.9,8.1,4.7,*,,
Whatcom2011,11.6,9.9,7.2,12.1,18.1,15.7,11.8,6.2,2.4,,
Whitman2011,6.1,3.5,*,4.3,7.8,5.9,8.9,*,*,,
Yakima2011,14.6,17.3,9.7,29.8,29.4,16.0,10.6,8.5,2.2,,
State Total2010,15.5,14.8,8.9,23.4,30.5,21.8,13.5,8.6,3.2,,
Adams2010,7.1,N,N,N,15.1,N,9.5,N,N,,
Asotin2010,14.2,14.7,12.4,18.0,31.3,14.8,10.3,N,N,,
Benton2010,12.2,15.0,9.5,24.5,24.5,15.0,9.8,6.0,2.3,,
Chelan2010,9.2,8.3,5.0,13.9,17.8,9.6,10.8,6.3,2.3,,
Clallam2010,12.2,18.0,8.1,33.5,18.2,16.1,11.2,9.2,N,,
Clark2010,13.9,13.6,7.8,24.0,28.2,21.1,12.8,7.9,2.6,,
Columbia2010,N,N,N,N,N,N,N,N,N,,
Cowlitz2010,10.5,9.4,6.0,14.9,26.5,17.1,7.0,2.6,N,,
Douglas2010,8.7,11.5,6.4,22.4,15.2,14.8,N,5.9,N,,
Ferry2010,12.8,N,N,N,N,N,N,N,N,,
Franklin2010,13.9,18.7,11.9,29.7,28.6,13.0,12.0,5.7,2.3,,
Garfield2010,N,N,N,N,N,N,N,N,N,,
Grant2010,9.8,10.3,7.8,14.2,21.0,13.1,8.5,3.7,N,,
Grays Harbor2010,14.0,12.3,8.7,18.0,23.1,29.3,10.5,7.3,N,,
Island2010,13.0,13.0,9.5,19.8,29.7,16.9,9.3,6.4,N,,
Jefferson2010,18.5,13.7,N,26.3,43.2,33.3,15.2,8.3,7.0,,
King2010,18.0,16.8,10.0,26.5,34.5,24.7,16.5,11.3,4.3,,
Kitsap2010,14.1,13.8,6.3,26.2,30.4,20.6,10.0,6.7,2.4,,
Kittitas2010,11.9,13.3,8.6,15.3,14.8,13.8,11.0,8.0,N,,
Klickitat2010,6.4,N,N,N,25.1,N,N,N,N,,
Lewis2010,15.1,20.0,13.6,30.3,27.0,21.4,11.5,6.7,N,,
Lincoln2010,4.1,N,N,N,N,N,N,N,N,,
Mason2010,17.7,20.9,15.1,30.3,37.9,25.2,11.6,8.2,3.6,,
Okanogan2010,9.5,12.3,9.4,17.7,20.8,9.5,7.7,6.2,N,,
Pacific2010,13.3,21.8,N,38.3,26.3,16.0,N,N,N,,
Pend Oreille2010,10.9,N,N,N,24.5,19.2,N,N,N,,
Pierce2010,19.7,19.4,11.0,32.3,40.9,28.5,15.0,9.2,3.4,,
San Juan2010,5.3,N,N,N,N,N,N,N,N,,
Skagit2010,14.4,15.2,8.5,26.8,31.0,17.5,14.1,5.3,1.8,,
Skamania2010,5.4,N,N,N,N,N,N,N,N,,
Snohomish2010,14.9,14.1,7.5,25.6,32.4,20.8,13.8,7.8,3.5,,
Spokane2010,11.8,10.9,6.7,15.7,21.5,15.6,9.8,6.4,2.3,,
Stevens2010,6.9,6.6,4.7,11.1,22.7,8.0,6.6,N,N,,
Thurston2010,16.3,14.6,8.2,24.5,35.4,22.4,13.7,8.8,3.0,,
Wahkiakum2010,N,N,N,N,N,N,N,N,N,,
Walla Walla2010,9.5,8.7,6.2,10.9,11.0,20.8,8.9,5.2,N,,
Whatcom2010,12.5,11.8,10.3,13.2,20.7,14.7,10.2,8.3,3.2,,
Whitman2010,9.0,5.1,N,5.4,13.2,12.2,8.2,N,N,,
Yakima2010,15.8,15.1,10.2,23.4,35.5,21.4,10.2,7.8,1.3,,
State Total2009,16.7,16.8,10.2,26.3,32.1,22.7,14.6,8.8,3.3,,
Adams2009,10.5,10.8,N,18.6,19.4,12.7,11.8,N,N,,
Asotin2009,11.1,10.0,N,17.5,25.2,14.7,8.9,N,N,,
Benton2009,12.4,13.4,5.0,27.9,26.9,15.9,9.3,4.2,2.3,,
Chelan2009,9.5,10.5,4.9,20.0,18.6,11.9,7.2,5.7,2.8,,
Clallam2009,13.9,19.6,13.9,28.7,24.9,14.3,15.6,5.4,2.7,,
Clark2009,14.5,15.3,8.4,27.5,29.7,21.7,12.2,7.2,2.3,,
Columbia2009,8.7,N,N,N,N,N,N,N,N,,
Cowlitz2009,12.7,14.1,7.3,25.0,29.7,17.1,6.6,7.7,N,,
Douglas2009,10.4,12.1,8.5,19.7,17.5,17.3,10.6,4.2,N,,
Ferry2009,15.2,26.1,N,64.1,N,36.6,N,N,N,,
Franklin2009,12.0,15.4,8.3,26.7,23.1,15.1,6.0,5.2,2.4,,
Garfield2009,N,N,N,N,N,N,N,N,N,,
Grant2009,9.3,10.3,6.3,16.5,19.6,12.0,6.8,3.4,N,,
Grays Harbor2009,16.5,15.4,12.0,20.9,31.1,21.8,16.4,13.2,N,,
Island2009,14.0,17.1,7.3,35.7,28.8,20.0,9.0,5.7,N,,
Jefferson2009,11.7,11.7,N,33.8,23.5,11.6,13.9,N,6.6,,
King2009,19.4,19.3,11.6,30.1,36.8,26.1,18.0,11.2,4.5,,
Kitsap2009,15.7,15.9,8.1,28.6,29.9,23.4,13.5,7.1,3.2,,
Kittitas2009,11.5,13.8,13.6,13.9,13.8,11.3,11.6,6.9,N,,
Klickitat2009,8.8,N,N,N,21.6,20.3,9.9,N,N,,
Lewis2009,14.0,17.5,11.9,26.3,25.3,19.3,10.5,8.9,2.3,,
Lincoln2009,6.7,N,N,N,32.6,N,N,N,N,,
Mason2009,14.6,16.5,12.9,22.5,35.8,21.4,6.5,4.4,4.2,,
Okanogan2009,12.0,11.9,6.9,21.5,23.0,19.6,11.0,5.2,N,,
Pacific2009,12.3,13.4,N,N,34.8,N,N,N,N,,
Pend Oreille2009,8.0,N,N,N,19.9,19.1,N,N,N,,
Pierce2009,21.2,22.4,13.0,36.6,43.6,27.5,18.4,9.9,3.5,,
San Juan2009,14.8,15.9,N,N,35.2,25.1,N,N,N,,
Skagit2009,15.3,15.4,8.8,26.8,34.1,19.8,11.9,7.5,2.9,,
Skamania2009,7.5,N,N,N,N,N,N,N,N,,
Snohomish2009,16.9,15.5,9.5,25.8,36.5,23.5,15.6,9.2,3.4,,
Spokane2009,12.8,13.2,9.0,18.1,22.4,16.6,10.1,7.1,2.2,,
Stevens2009,8.0,9.0,5.5,17.3,28.8,6.7,4.9,5.2,N,,
Thurston2009,17.7,21.4,10.9,37.3,37.9,22.2,13.5,7.5,2.4,,
Wahkiakum2009,10.3,N,N,N,N,N,N,N,N,,
Walla Walla2009,10.7,7.8,6.1,9.2,16.8,18.3,12.6,3.9,3.6,,
Whatcom2009,12.2,12.4,11.3,13.4,18.7,16.5,10.6,6.8,2.1,,
Whitman2009,6.3,4.2,N,4.7,7.6,7.1,5.8,11.2,N,,
Yakima2009,16.6,18.7,14.0,26.5,34.3,21.8,11.6,6.7,2.1,,
State Total2008,17.9,18.8,11.2,30.3,34.2,24.5,15.5,9.6,3.3,,
Adams2008,8.3,10.8,N,19.0,14.6,8.2,N,N,N,,
Asotin2008,12.6,11.0,N,17.6,24.9,14.9,14.3,11.6,N,,
Benton2008,12.6,17.3,9.5,31.3,23.9,17.2,7.2,5.1,3.4,,
Chelan2008,12.5,13.5,8.5,22.3,22.8,17.8,10.9,6.0,2.2,,
Clallam2008,15.9,20.1,10.8,35.5,28.0,22.6,11.4,10.9,2.6,,
Clark2008,15.0,16.1,7.9,31.0,29.4,21.5,14.2,7.6,2.7,,
Columbia2008,10.1,N,N,N,N,N,N,N,N,,
Cowlitz2008,12.3,12.9,7.6,21.7,27.3,19.3,8.1,5.3,N,,
Douglas2008,7.3,7.9,6.3,11.1,15.7,9.0,9.3,N,N,,
Ferry2008,12.2,20.7,N,N,27.0,N,N,N,N,,
Franklin2008,13.5,16.1,10.6,25.1,27.6,17.4,10.5,4.5,N,,
Garfield2008,N,N,N,N,N,N,N,N,N,,
Grant2008,11.0,11.8,8.6,16.9,22.7,18.8,6.3,3.7,N,,
Grays Harbor2008,15.0,13.4,11.5,16.5,29.0,23.1,13.8,8.3,2.8,,
Island2008,13.6,14.6,3.9,35.5,30.7,16.3,8.0,7.2,3.4,,
Jefferson2008,21.0,17.0,10.6,29.5,29.4,36.8,31.5,15.3,N,,
King2008,21.0,21.9,13.2,34.4,39.4,28.4,19.2,12.5,4.6,,
Kitsap2008,14.3,16.9,9.0,30.4,28.7,19.6,11.0,6.6,2.8,,
Kittitas2008,13.1,16.0,8.2,19.6,15.2,17.4,9.7,9.8,N,,
Klickitat2008,7.4,N,N,N,21.3,13.5,N,N,N,,
Lewis2008,15.7,15.5,8.9,26.6,33.8,18.3,13.9,9.6,3.1,,
Lincoln2008,5.2,N,N,N,N,N,N,N,N,,
Mason2008,16.4,20.8,12.4,35.1,34.5,22.1,12.5,7.9,2.9,,
Okanogan2008,12.2,14.6,11.0,21.4,28.9,13.3,10.1,7.7,N,,
Pacific2008,16.4,16.7,N,31.7,23.2,28.2,20.0,12.3,N,,
Pend Oreille2008,10.0,17.2,N,N,20.2,N,N,N,N,,
Pierce2008,22.9,25.8,14.7,43.2,45.6,30.8,18.6,10.5,3.7,,
San Juan2008,18.0,15.9,N,48.1,59.1,19.3,16.3,N,N,,
Skagit2008,15.7,19.3,12.9,30.4,35.2,21.9,9.2,6.5,2.0,,
Skamania2008,5.3,13.9,N,N,N,N,N,N,N,,
Snohomish2008,19.2,19.7,11.5,34.1,42.1,25.3,17.1,10.5,3.6,,
Spokane2008,13.8,14.9,8.9,22.3,25.5,18.1,10.5,6.8,1.7,,
Stevens2008,9.7,10.7,4.5,25.9,28.5,13.5,10.7,N,N,,
Thurston2008,18.3,19.4,10.5,33.5,37.7,25.3,14.5,9.7,2.1,,
Wahkiakum2008,19.8,N,N,N,N,N,N,N,N,,
Walla Walla2008,11.2,12.2,11.0,13.3,20.4,16.3,7.4,5.7,N,,
Whatcom2008,13.7,14.4,11.5,16.9,22.4,17.2,11.3,6.2,2.4,,
Whitman2008,7.9,6.2,N,6.1,10.7,10.8,4.8,N,N,,
Yakima2008,16.3,17.7,11.0,29.3,33.1,20.7,12.6,8.5,1.3,,
State Total2007,18.3,20.0,12.6,31.4,35.4,25.5,15.6,9.3,3.1,,
Adams2007,9.0,10.7,12.4,N,24.5,N,9.1,N,N,,
Asotin2007,11.4,12.1,N,17.7,21.6,16.8,14.2,N,N,,
Benton2007,13.9,19.7,14.4,29.6,28.2,19.4,6.1,5.2,2.8,,
Chelan2007,14.3,18.7,13.3,28.3,33.0,15.3,9.5,5.0,3.5,,
Clallam2007,16.1,22.8,16.9,32.9,33.8,20.9,10.9,6.2,N,,
Clark2007,14.2,14.9,7.6,28.5,28.3,21.6,13.4,7.1,2.2,,
Columbia2007,N,N,N,N,N,N,N,N,N,,
Cowlitz2007,11.5,14.3,11.1,19.8,21.3,20.4,8.6,3.1,2.1,,
Douglas2007,13.6,13.0,6.4,27.1,31.1,24.3,6.7,9.2,N,,
Ferry2007,9.3,N,N,N,N,N,N,N,N,,
Franklin2007,13.1,17.2,13.6,23.3,26.4,15.8,9.0,4.2,N,,
Garfield2007,N,N,N,N,N,N,N,N,N,,
Grant2007,8.1,7.8,5.3,12.0,18.8,9.8,5.3,5.3,N,,
Grays Harbor2007,14.3,12.3,7.2,20.9,30.5,26.1,9.9,4.8,4.0,,
Island2007,14.0,14.9,9.0,26.5,30.1,19.3,8.4,6.9,2.8,,
Jefferson2007,16.3,8.4,N,N,23.9,44.2,14.2,11.8,7.0,,
King2007,21.8,24.1,15.3,37.1,41.3,29.2,19.7,12.6,4.4,,
Kitsap2007,16.7,17.6,11.1,29.0,35.8,23.6,14.1,8.0,2.4,,
Kittitas2007,12.1,14.8,11.4,16.4,10.8,21.6,16.7,7.9,N,,
Klickitat2007,8.8,12.1,N,24.2,16.4,11.2,10.1,N,N,,
Lewis2007,16.5,18.1,9.3,33.3,28.6,26.9,14.7,8.6,3.4,,
Lincoln2007,6.4,N,N,N,N,N,N,N,N,,
Mason2007,16.8,24.2,13.1,43.9,32.2,19.8,16.6,6.7,N,,
Okanogan2007,13.6,10.7,8.6,14.9,36.8,23.2,11.2,4.2,N,,
Pacific2007,12.2,12.6,N,N,25.3,21.4,12.2,N,N,,
Pend Oreille2007,8.3,16.9,N,N,N,N,N,N,N,,
Pierce2007,22.5,24.4,14.0,41.0,47.2,30.7,19.0,9.6,3.2,,
San Juan2007,21.2,23.9,18.3,N,51.8,36.9,N,15.4,N,,
Skagit2007,15.9,24.7,16.7,39.1,29.3,19.4,13.5,5.6,1.6,,
Skamania2007,8.9,N,N,N,21.9,19.2,N,N,N,,
Snohomish2007,19.3,22.2,12.0,40.4,42.8,26.5,15.7,10.1,2.7,,
Spokane2007,14.5,16.6,11.8,22.7,24.7,21.9,11.2,6.1,2.5,,
Stevens2007,8.5,10.7,7.0,19.8,22.5,13.8,5.0,5.0,N,,
Thurston2007,19.1,19.2,9.7,34.6,41.8,25.5,14.5,9.9,3.3,,
Wahkiakum2007,9.7,N,N,N,N,N,N,N,N,,
Walla Walla2007,12.3,16.5,14.9,18.1,19.8,20.0,4.1,5.6,N,,
Whatcom2007,14.4,16.0,12.5,19.3,23.0,16.9,13.0,7.3,2.5,,
Whitman2007,9.4,5.4,N,6.4,13.0,8.9,10.0,8.6,N,,
Yakima2007,16.9,19.5,13.9,29.2,32.6,23.9,11.2,6.2,2.6,,
State Total2006,18.5,19.9,12.3,31.6,36.1,26.5,15.5,10.0,3.1,,
Adams2006,8.0,8.2,N,19.4,18.2,N,N,N,N,,
Asotin2006,12.2,12.2,N,24.8,29.7,19.1,N,N,N,,
Benton2006,12.8,15.2,9.5,25.7,26.5,18.2,10.1,4.3,2.2,,
Chelan2006,11.7,16.5,10.4,27.4,23.3,12.2,8.4,5.0,3.8,,
Clallam2006,13.9,19.7,13.6,30.2,31.4,14.6,11.7,8.9,N,,
Clark2006,15.5,16.0,10.1,26.9,31.1,25.4,13.5,7.9,2.2,,
Columbia2006,12.8,N,N,N,N,N,N,N,N,,
Cowlitz2006,14.4,22.0,18.1,28.6,29.2,17.3,7.8,8.5,2.0,,
Douglas2006,10.2,13.3,12.0,16.0,23.2,9.8,6.8,7.6,N,,
Ferry2006,5.8,N,N,N,N,N,N,N,N,,
Franklin2006,14.1,14.2,8.9,23.2,25.1,21.6,11.7,4.5,4.2,,
Garfield2006,N,N,N,N,N,N,N,N,N,,
Grant2006,9.0,11.4,8.3,16.4,17.3,12.6,6.6,3.5,N,,
Grays Harbor2006,14.3,15.9,7.8,29.7,29.4,20.5,12.6,6.7,N,,
Island2006,13.7,15.9,5.9,35.4,35.3,15.5,8.3,4.7,2.0,,
Jefferson2006,13.5,13.9,N,29.8,46.8,10.4,10.5,8.7,N,,
King2006,21.5,22.7,13.7,35.8,41.7,29.7,19.1,12.9,4.1,,
Kitsap2006,17.1,17.1,9.9,29.8,38.1,26.5,14.6,6.4,2.3,,
Kittitas2006,11.8,11.9,N,14.5,13.5,20.9,11.2,7.0,N,,
Klickitat2006,10.2,12.1,N,N,28.2,13.7,N,8.1,N,,
Lewis2006,13.2,10.7,7.4,16.2,26.6,19.7,14.8,8.7,N,,
Lincoln2006,5.7,N,N,N,N,N,N,N,N,,
Mason2006,16.3,17.8,10.7,30.8,34.8,21.9,19.2,6.8,2.8,,
Okanogan2006,10.9,14.7,12.6,18.8,23.9,12.7,10.9,5.0,N,,
Pacific2006,15.6,22.7,15.9,35.9,39.8,26.9,N,N,N,,
Pend Oreille2006,10.8,N,N,N,34.0,24.8,N,N,N,,
Pierce2006,23.1,26.0,15.0,43.6,46.4,34.1,17.9,11.2,3.3,,
San Juan2006,16.3,N,N,N,40.2,31.7,N,20.4,N,,
Skagit2006,16.8,21.5,13.8,35.0,36.8,20.3,11.3,8.5,2.1,,
Skamania2006,7.8,N,N,N,26.1,N,N,N,N,,
Snohomish2006,19.5,21.7,13.0,37.1,41.7,28.8,14.7,11.0,3.8,,
Spokane2006,16.2,17.5,11.0,25.7,30.2,21.9,14.2,7.8,1.9,,
Stevens2006,9.4,9.4,6.1,17.5,20.0,17.7,8.8,4.9,N,,
Thurston2006,19.9,21.4,10.8,38.3,43.6,26.5,14.1,10.4,3.8,,
Wahkiakum2006,N,N,N,N,N,N,N,N,N,,
Walla Walla2006,14.4,15.9,11.7,19.9,21.3,19.4,14.2,8.8,N,,
Whatcom2006,15.6,18.7,13.6,23.3,21.6,22.0,13.6,7.9,4.0,,
Whitman2006,9.6,6.8,N,7.7,13.9,9.2,8.8,5.3,N,,
Yakima2006,16.5,21.1,15.0,31.8,32.6,23.2,10.7,4.8,2.4,,
State Total2005,18.3,19.8,12.5,30.9,36.5,26.1,15.8,9.5,3.1,,
Adams2005,8.9,12.3,N,19.4,16.8,12.8,N,N,N,,
Asotin2005,10.9,12.1,N,21.2,31.9,N,N,N,N,,
Benton2005,14.4,21.4,12.2,37.9,24.4,22.2,10.8,5.7,1.8,,
Chelan2005,11.7,11.2,7.5,17.6,28.8,13.8,9.8,6.5,N,,
Clallam2005,16.4,18.2,17.6,19.3,39.8,21.0,10.9,10.7,N,,
Clark2005,15.6,14.2,8.9,23.7,34.7,24.4,14.2,8.0,2.1,,
Columbia2005,N,N,N,N,N,N,N,N,N,,
Cowlitz2005,12.2,14.2,9.2,22.6,27.4,17.6,10.1,4.8,1.4,,
Douglas2005,8.8,8.3,N,20.6,15.9,16.7,4.9,6.1,N,,
Ferry2005,7.4,N,N,N,N,N,N,N,N,,
Franklin2005,14.2,13.0,8.8,20.1,29.8,20.1,10.9,4.9,N,,
Garfield2005,N,N,N,N,N,N,N,N,N,,
Grant2005,8.0,14.4,7.5,25.9,17.9,7.0,2.5,2.8,N,,
Grays Harbor2005,16.4,14.7,9.7,23.0,40.1,19.0,13.3,11.9,2.4,,
Island2005,14.6,14.8,7.3,28.8,34.5,19.6,12.3,5.1,3.0,,
Jefferson2005,14.6,19.4,N,46.6,37.8,22.0,11.9,7.2,N,,
King2005,21.2,23.6,14.2,37.0,41.9,29.0,19.3,11.9,4.4,,
Kitsap2005,16.9,20.0,9.5,38.6,37.0,23.0,12.8,8.7,3.1,,
Kittitas2005,11.0,9.3,N,11.5,15.5,17.0,6.6,8.0,N,,
Klickitat2005,6.6,9.1,N,N,11.7,N,N,N,N,,
Lewis2005,17.6,19.8,15.0,28.2,32.1,30.1,13.6,10.6,2.4,,
Lincoln2005,6.2,N,N,N,N,N,N,N,N,,
Mason2005,17.1,18.1,13.6,26.3,36.8,33.5,13.8,5.7,N,,
Okanogan2005,11.5,18.1,13.7,26.7,18.3,14.2,11.6,6.7,N,,
Pacific2005,14.6,22.5,15.8,35.5,38.2,23.3,11.5,N,N,,
Pend Oreille2005,7.6,N,N,N,26.4,N,N,N,N,,
Pierce2005,22.7,25.1,15.9,39.4,45.7,33.5,18.9,11.5,3.0,,
San Juan2005,17.1,13.4,N,N,53.3,25.8,19.5,N,8.7,,
Skagit2005,18.2,18.7,11.3,31.5,46.3,24.6,14.9,7.0,1.3,,
Skamania2005,7.3,N,N,N,N,24.9,N,N,N,,
Snohomish2005,19.0,20.0,12.2,33.7,42.6,27.6,15.5,10.7,3.6,,
Spokane2005,15.3,18.2,12.0,26.0,29.0,20.3,11.6,6.9,2.1,,
Stevens2005,9.9,13.9,9.8,24.1,23.8,14.6,9.5,N,N,,
Thurston2005,18.8,20.7,13.1,32.8,38.1,28.1,17.0,8.1,3.2,,
Wahkiakum2005,9.2,N,N,N,N,N,N,N,N,,
Walla Walla2005,9.5,8.1,6.7,9.5,15.8,16.7,8.5,4.4,N,,
Whatcom2005,15.0,16.2,13.9,18.3,23.4,22.4,13.6,5.2,3.2,,
Whitman2005,8.7,6.9,8.1,6.5,11.3,6.9,11.3,9.4,N,,
Yakima2005,17.8,22.6,14.6,36.6,37.3,22.3,12.7,6.8,1.2,,
State Total2004,18.7,20.4,12.9,31.5,38.1,26.9,16.0,9.4,3.3,,
Adams2004,9.8,15.2,N,31.0,25.6,N,N,N,N,,
Asotin2004,11.9,10.6,N,17.7,35.5,12.2,11.7,N,N,,
Benton2004,13.7,19.4,12.0,32.5,27.3,17.4,10.7,5.5,2.6,,
Chelan2004,14.2,17.4,9.0,31.9,31.5,12.5,16.7,6.9,2.4,,
Clallam2004,13.9,14.7,8.0,26.2,33.2,22.0,14.1,4.4,N,,
Clark2004,15.4,17.5,9.6,31.3,32.1,24.1,13.4,7.8,2.2,,
Columbia2004,N,N,N,N,N,N,N,N,N,,
Cowlitz2004,12.4,10.9,5.6,19.6,31.3,17.5,10.5,5.7,2.2,,
Douglas2004,9.3,14.6,10.4,22.7,19.5,11.9,8.8,N,N,,
Ferry2004,5.7,N,N,N,N,N,N,N,N,,
Franklin2004,14.6,13.9,8.1,23.5,29.1,21.0,11.5,3.7,5.0,,
Garfield2004,N,N,N,N,N,N,N,N,N,,
Grant2004,9.8,13.0,8.6,20.2,20.4,13.2,5.7,3.7,N,,
Grays Harbor2004,18.5,20.7,13.7,32.6,43.6,27.1,11.9,9.0,2.0,,
Island2004,15.2,23.0,8.9,48.9,28.7,21.3,14.2,5.1,1.9,,
Jefferson2004,14.1,12.6,12.4,N,34.9,13.7,20.3,10.1,5.0,,
King2004,22.1,22.9,14.6,34.6,44.6,31.3,19.4,12.6,4.5,,
Kitsap2004,17.6,21.5,13.3,35.9,39.8,23.2,14.0,8.6,2.7,,
Kittitas2004,15.0,13.9,8.3,16.8,19.3,18.7,18.5,9.1,4.3,,
Klickitat2004,6.5,9.1,N,N,11.8,11.7,N,N,N,,
Lewis2004,15.6,16.7,8.8,30.2,35.5,18.1,16.5,6.9,3.1,,
Lincoln2004,8.6,N,N,N,N,N,N,N,N,,
Mason2004,18.6,21.3,11.9,38.3,45.6,29.6,14.5,5.7,4.8,,
Okanogan2004,12.9,12.4,12.5,12.1,34.1,17.6,13.1,5.0,N,,
Pacific2004,16.4,22.4,N,45.2,36.9,32.1,N,N,N,,
Pend Oreille2004,4.0,N,N,N,28.0,N,N,N,N,,
Pierce2004,22.6,24.3,15.8,37.3,47.5,32.5,21.0,10.0,3.2,,
San Juan2004,20.5,33.1,N,81.1,42.9,31.4,N,12.5,N,,
Skagit2004,15.7,16.6,10.3,27.2,36.1,20.7,13.6,7.3,3.3,,
Skamania2004,6.2,N,N,N,23.0,N,N,N,N,,
Snohomish2004,19.6,25.3,14.3,44.1,44.4,26.4,15.9,9.7,3.5,,
Spokane2004,16.1,18.7,11.8,27.2,29.1,23.8,13.2,7.8,2.3,,
Stevens2004,9.2,10.2,9.0,13.1,14.5,23.6,9.3,4.1,N,,
Thurston2004,18.7,19.9,12.8,31.0,38.4,29.9,13.4,8.9,4.6,,
Wahkiakum2004,N,N,N,N,N,N,N,N,N,,
Walla Walla2004,12.3,12.4,7.6,16.8,27.5,13.1,9.0,5.1,N,,
Whatcom2004,14.4,16.3,14.9,17.6,22.1,25.7,8.5,6.0,2.9,,
Whitman2004,13.3,8.1,8.1,8.1,20.7,14.5,9.2,5.3,N,,
Yakima2004,16.2,19.0,13.6,28.1,36.4,21.4,9.4,6.8,2.2,,
State Total2003,19.2,21.5,13.3,33.9,40.6,27.4,16.1,9.3,3.5,,
Adams2003,10.0,11.3,13.1,N,24.6,9.7,N,N,N,,
Asotin2003,14.0,15.7,N,28.4,37.9,15.9,11.4,7.4,N,,
Benton2003,16.0,19.2,11.9,32.5,38.7,20.4,10.1,6.8,3.0,,
Chelan2003,11.7,15.9,10.2,25.8,22.4,12.7,11.9,8.1,2.0,,
Clallam2003,15.7,19.1,12.6,30.6,36.6,23.5,11.4,9.2,N,,
Clark2003,16.2,18.2,10.2,32.2,37.9,24.7,11.9,8.3,1.9,,
Columbia2003,9.0,N,N,N,N,N,N,N,N,,
Cowlitz2003,14.4,17.4,10.8,28.7,34.1,16.5,11.0,7.8,2.8,,
Douglas2003,9.0,15.5,10.5,25.2,13.7,12.2,8.7,4.3,N,,
Ferry2003,11.1,18.1,N,N,41.9,N,N,N,N,,
Franklin2003,19.3,24.0,16.3,37.1,31.5,31.8,12.7,9.5,N,,
Garfield2003,N,N,N,N,N,N,N,N,N,,
Grant2003,10.5,11.9,9.2,16.6,30.8,12.6,4.9,N,N,,
Grays Harbor2003,19.0,23.9,16.0,37.5,44.0,24.7,18.8,6.0,3.1,,
Island2003,15.5,20.4,11.6,36.5,38.3,15.2,14.3,4.5,3.4,,
Jefferson2003,17.3,26.2,18.3,42.9,54.7,21.0,11.8,8.4,N,,
King2003,23.0,25.9,15.5,41.0,47.6,31.2,20.6,12.0,5.0,,
Kitsap2003,17.5,19.6,11.9,33.5,40.1,27.2,14.0,7.0,2.9,,
Kittitas2003,13.0,12.7,10.0,14.2,17.1,19.5,11.0,8.1,N,,
Klickitat2003,10.3,12.1,N,24.8,33.7,18.6,N,N,N,,
Lewis2003,16.2,15.0,8.0,27.4,32.5,31.3,14.3,8.6,N,,
Lincoln2003,8.0,N,N,N,40.0,N,N,N,N,,
Mason2003,18.6,11.9,5.5,24.2,55.4,31.0,10.6,13.8,N,,
Okanogan2003,13.8,23.1,15.4,38.3,37.1,15.6,7.3,4.1,N,,
Pacific2003,13.3,13.6,N,25.3,43.1,21.8,N,N,N,,
Pend Oreille2003,9.9,N,N,N,34.1,31.8,N,N,N,,
Pierce2003,23.2,25.2,16.3,39.0,50.3,35.4,18.7,10.6,3.6,,
San Juan2003,15.3,19.4,N,N,N,32.8,19.4,N,N,,
Skagit2003,15.4,18.3,9.5,33.3,34.8,24.1,11.9,5.5,2.3,,
Skamania2003,8.4,N,N,N,28.6,N,16.8,N,N,,
Snohomish2003,18.8,24.1,14.1,41.5,45.4,24.4,15.4,8.8,3.4,,
Spokane2003,15.1,17.0,10.0,25.9,30.5,22.2,11.0,7.1,2.2,,
Stevens2003,8.3,10.1,6.2,19.8,29.4,8.8,4.5,4.0,N,,
Thurston2003,20.6,19.6,12.0,31.8,45.7,29.9,16.6,11.6,4.1,,
Wahkiakum2003,N,N,N,N,N,N,N,N,N,,
Walla Walla2003,8.8,9.5,6.7,12.3,14.3,17.2,4.4,4.4,N,,
Whatcom2003,15.8,16.1,13.3,18.7,24.9,25.2,13.4,7.0,3.4,,
Whitman2003,9.7,9.8,11.2,9.4,11.9,12.0,10.0,N,N,,
Yakima2003,17.8,25.2,16.6,40.0,36.6,21.7,12.9,5.7,1.5,,
State Total2002,19.5,22.6,14.0,35.7,41.6,27.4,16.7,9.5,3.2,,
Adams2002,9.2,12.7,13.1,N,18.2,N,11.0,N,N,,
Asotin2002,10.6,15.4,10.1,24.6,21.8,14.3,9.6,N,N,,
Benton2002,14.7,18.1,11.5,30.1,33.3,22.0,11.3,5.8,1.8,,
Chelan2002,12.1,13.8,7.0,25.8,25.5,16.5,10.3,8.7,N,,
Clallam2002,15.6,21.8,14.7,34.6,37.9,24.7,10.0,5.7,3.0,,
Clark2002,16.9,17.8,9.8,31.6,39.3,24.8,16.1,7.9,2.3,,
Columbia2002,13.2,N,N,N,N,N,N,N,N,,
Cowlitz2002,14.6,18.5,9.9,33.1,31.5,21.9,12.2,5.8,2.2,,
Douglas2002,6.7,8.6,6.0,13.7,11.0,15.8,N,N,N,,
Ferry2002,12.5,N,N,N,49.1,N,N,N,N,,
Franklin2002,15.3,19.9,11.8,33.8,33.6,19.0,6.7,7.0,N,,
Garfield2002,N,N,N,N,N,N,N,N,N,,
Grant2002,10.9,14.5,8.1,25.5,26.8,11.4,8.6,2.0,N,,
Grays Harbor2002,17.1,25.1,18.3,37.1,37.8,18.7,14.0,9.8,N,,
Island2002,16.3,26.2,15.8,45.2,40.4,17.3,10.5,7.1,1.8,,
Jefferson2002,17.5,16.4,N,34.3,54.9,18.9,23.2,6.7,5.6,,
King2002,23.1,26.6,15.6,42.5,48.3,31.9,20.6,12.3,4.4,,
Kitsap2002,18.9,22.8,13.4,39.8,42.6,29.3,15.7,8.6,3.1,,
Kittitas2002,13.5,8.9,N,11.9,19.6,19.0,14.4,7.0,N,,
Klickitat2002,7.8,7.5,N,N,29.5,N,N,N,N,,
Lewis2002,16.9,20.3,13.4,32.8,37.8,27.5,12.7,6.5,1.9,,
Lincoln2002,9.5,N,N,N,29.1,N,N,N,N,,
Mason2002,21.3,26.9,21.8,36.9,53.3,25.7,20.6,12.9,N,,
Okanogan2002,14.6,18.7,12.1,31.8,36.9,27.1,6.3,8.7,N,,
Pacific2002,14.6,28.1,17.3,49.5,18.2,21.6,14.6,N,N,,
Pend Oreille2002,13.7,16.0,N,N,46.4,22.8,N,N,N,,
Pierce2002,24.1,28.0,16.1,46.4,54.2,35.3,18.7,10.6,3.9,,
San Juan2002,14.7,14.0,N,N,N,33.6,19.4,N,8.0,,
Skagit2002,11.4,12.8,6.2,23.9,24.8,17.4,9.4,5.6,2.0,,
Skamania2002,5.1,N,N,N,N,N,N,N,N,,
Snohomish2002,19.8,26.2,16.1,43.7,46.9,25.3,17.6,9.6,3.1,,
Spokane2002,17.0,19.3,13.6,26.7,35.8,23.6,13.7,7.3,2.1,,
Stevens2002,10.2,13.8,7.9,28.7,23.7,12.6,7.2,7.0,3.4,,
Thurston2002,21.1,24.9,15.0,40.8,49.4,27.4,16.5,11.6,2.6,,
Wahkiakum2002,N,N,N,N,N,N,N,N,N,,
Walla Walla2002,11.0,10.4,7.5,13.1,21.7,16.6,10.6,4.3,N,,
Whatcom2002,10.7,12.6,11.9,13.3,14.9,15.4,10.2,6.0,2.5,,
Whitman2002,12.1,10.6,N,11.9,18.4,9.1,6.3,8.0,N,,
Yakima2002,17.9,24.8,19.2,34.5,38.4,23.3,11.9,5.4,1.7,,
State Total2001,20.0,23.9,15.1,37.2,43.9,28.3,17.3,9.1,3.1,,
Adams2001,10.5,7.1,N,N,26.5,N,15.0,N,N,,
Asotin2001,11.4,19.0,11.9,31.6,29.2,12.3,N,N,N,,
Benton2001,14.1,18.5,13.5,27.6,32.0,20.6,11.2,6.4,1.2,,
Chelan2001,14.5,18.5,7.7,37.3,38.6,17.9,9.8,7.6,N,,
Clallam2001,16.6,22.2,16.8,31.9,41.3,17.9,19.1,7.5,2.5,,
Clark2001,18.4,20.4,10.4,37.9,45.2,27.0,15.4,8.3,2.6,,
Columbia2001,11.5,N,N,N,N,N,N,N,N,,
Cowlitz2001,16.3,19.6,11.9,32.7,29.1,29.1,14.5,8.0,2.7,,
Douglas2001,9.7,10.2,8.3,13.7,24.7,10.1,8.9,4.9,N,,
Ferry2001,9.2,24.1,N,55.6,N,N,N,N,N,,
Franklin2001,13.0,17.6,11.3,28.4,21.8,18.5,7.8,7.7,N,,
Garfield2001,N,N,N,N,N,N,N,N,N,,
Grant2001,11.3,17.2,11.2,27.8,27.8,12.2,6.6,2.0,N,,
Grays Harbor2001,17.2,23.4,13.7,40.5,43.9,17.9,17.1,6.8,2.6,,
Island2001,15.7,21.5,14.6,34.0,42.6,15.7,11.8,5.7,2.9,,
Jefferson2001,18.8,17.7,16.0,21.6,55.0,39.8,20.1,10.3,N,,
King2001,23.7,27.9,17.8,42.5,50.6,33.1,21.6,12.2,3.8,,
Kitsap2001,19.4,29.3,17.1,51.6,47.5,27.4,10.7,7.7,3.7,,
Kittitas2001,16.9,13.8,9.9,16.0,26.1,20.1,22.4,6.8,N,,
Klickitat2001,12.5,15.0,12.8,N,45.0,13.3,N,8.9,N,,
Lewis2001,16.9,17.9,12.6,27.5,42.6,22.9,14.5,8.9,2.3,,
Lincoln2001,6.9,N,N,N,N,N,N,N,N,,
Mason2001,17.1,21.1,15.4,32.4,44.0,29.0,14.0,7.7,N,,
Okanogan2001,12.5,23.1,17.9,33.4,25.8,16.4,8.1,6.1,N,,
Pacific2001,12.8,11.3,N,29.3,48.4,13.6,10.5,8.5,N,,
Pend Oreille2001,12.9,N,N,N,60.4,27.0,16.7,N,N,,
Pierce2001,25.0,29.0,19.3,44.0,57.3,37.1,19.8,9.6,4.0,,
San Juan2001,12.5,N,N,N,30.0,26.0,20.1,11.2,N,,
Skagit2001,13.3,17.3,10.0,29.8,30.2,20.6,11.6,4.9,N,,
Skamania2001,8.2,13.5,N,N,25.1,N,N,N,N,,
Snohomish2001,20.5,28.4,17.1,47.9,50.3,26.8,17.4,8.9,3.6,,
Spokane2001,17.4,21.1,12.8,32.0,36.3,23.6,15.6,6.0,2.8,,
Stevens2001,8.7,10.0,N,26.3,26.9,14.7,8.0,N,N,,
Thurston2001,20.4,24.2,15.8,37.7,45.2,30.2,17.6,8.1,3.7,,
Wahkiakum2001,N,N,N,N,N,N,N,N,N,,
Walla Walla2001,10.4,12.5,11.7,13.2,16.4,15.7,11.9,4.7,N,,
Whatcom2001,12.9,13.9,6.3,20.9,23.2,15.7,11.3,7.7,1.1,,
Whitman2001,11.0,11.2,N,13.2,15.3,11.4,4.4,7.7,N,,
Yakima2001,17.1,22.4,15.0,35.3,38.9,22.4,11.4,4.6,2.3,,
State Total2000,20.2,25.0,15.7,39.0,43.4,28.7,17.8,9.3,3.2,,
Adams2000,11.0,8.7,N,20.4,35.4,9.6,N,N,N,,
Asotin2000,10.4,15.2,9.9,24.8,22.8,15.4,N,N,N,,
Benton2000,14.8,18.8,12.0,31.1,39.3,20.0,10.6,5.7,2.2,,
Chelan2000,10.7,11.2,9.1,14.8,24.5,17.7,7.9,5.7,N,,
Clallam2000,16.1,22.2,9.1,46.1,44.0,19.1,13.9,8.2,2.9,,
Clark2000,16.7,21.3,13.6,34.7,40.7,23.4,13.6,6.8,2.8,,
Columbia2000,8.6,N,N,N,N,N,N,N,N,,
Cowlitz2000,15.0,18.1,9.2,33.4,31.2,21.8,12.4,8.5,2.8,,
Douglas2000,9.0,12.6,6.0,24.9,24.4,9.8,5.1,5.5,N,,
Ferry2000,9.1,N,N,N,N,N,N,N,N,,
Franklin2000,15.6,17.0,6.1,35.6,30.0,24.9,12.1,6.5,N,,
Garfield2000,N,N,N,N,N,N,N,N,N,,
Grant2000,9.6,13.5,8.8,22.1,22.2,9.8,6.4,4.4,N,,
Grays Harbor2000,18.5,22.2,18.9,27.9,48.0,26.7,15.4,6.7,2.6,,
Island2000,17.0,25.7,19.7,36.5,40.0,20.2,14.8,7.3,N,,
Jefferson2000,21.0,23.1,17.8,34.6,52.2,38.8,21.8,14.9,4.4,,
King2000,24.8,30.8,18.4,48.6,52.5,34.8,22.3,12.3,4.4,,
Kitsap2000,17.3,23.1,12.4,42.9,40.5,27.0,14.3,6.7,2.4,,
Kittitas2000,15.3,13.4,8.2,16.5,21.0,21.7,14.8,13.3,N,,
Klickitat2000,10.7,18.0,15.0,25.3,28.2,12.6,N,N,N,,
Lewis2000,14.8,18.8,10.3,34.4,24.5,25.3,15.9,6.2,3.4,,
Lincoln2000,10.4,19.4,23.0,N,N,26.5,N,N,N,,
Mason2000,19.5,26.0,15.3,47.5,59.5,29.6,16.6,4.6,N,,
Okanogan2000,13.5,16.5,13.9,21.6,39.3,17.7,12.6,4.5,N,,
Pacific2000,15.7,19.2,21.4,N,47.5,31.3,N,N,N,,
Pend Oreille2000,13.9,24.8,N,56.0,46.2,N,N,N,N,,
Pierce2000,24.7,31.4,21.8,46.3,55.5,34.7,20.8,11.2,3.2,,
San Juan2000,22.8,29.2,21.7,44.6,57.0,43.1,34.4,N,9.5,,
Skagit2000,16.0,20.2,11.4,35.0,34.3,24.5,13.6,5.9,2.5,,
Skamania2000,10.1,N,N,N,N,24.3,N,N,N,,
Snohomish2000,19.7,26.7,16.8,43.8,45.4,27.7,18.3,9.7,2.6,,
Spokane2000,16.0,20.0,12.1,30.5,34.0,22.7,13.4,5.6,2.4,,
Stevens2000,6.8,8.7,7.8,11.0,17.0,8.2,4.5,5.8,N,,
Thurston2000,21.3,29.3,17.8,48.0,47.9,25.1,20.0,9.4,3.4,,
Wahkiakum2000,14.7,N,N,N,N,N,N,N,N,,
Walla Walla2000,11.5,14.9,9.9,19.9,14.9,23.3,13.1,3.4,N,,
Whatcom2000,17.0,21.1,14.5,27.2,28.7,22.4,13.7,8.0,3.0,,
Whitman2000,10.8,11.5,9.0,12.3,13.5,11.7,10.5,4.5,N,,
Yakima2000,16.6,23.2,15.5,36.4,37.1,20.5,12.0,5.0,1.9,,
State Total1999,20.2,25.5,16.1,39.6,44.8,27.8,16.9,9.6,3.3,,
Adams1999,8.7,8.8,N,N,19.1,21.2,N,N,N,,
Asotin1999,9.6,13.9,N,28.4,29.3,N,9.3,N,N,,
Benton1999,14.6,17.3,11.0,28.8,39.0,20.8,10.7,6.0,2.1,,
Chelan1999,13.4,15.7,9.7,26.0,34.2,22.4,10.2,2.8,2.6,,
Clallam1999,14.8,22.5,19.6,27.7,44.4,20.5,8.7,7.5,N,,
Clark1999,17.4,19.7,11.6,33.7,44.3,24.3,15.3,8.3,1.8,,
Columbia1999,16.3,N,N,N,N,N,N,N,N,,
Cowlitz1999,12.9,18.7,11.5,31.2,28.8,17.1,9.4,6.9,1.9,,
Douglas1999,8.9,13.4,N,29.4,20.7,11.8,5.0,5.4,N,,
Ferry1999,12.0,16.9,N,N,N,N,N,N,N,,
Franklin1999,16.5,18.6,14.0,26.7,40.6,18.2,9.1,7.1,4.0,,
Garfield1999,N,N,N,N,N,N,N,N,N,,
Grant1999,10.6,17.1,8.9,31.7,24.2,11.5,6.5,2.8,2.0,,
Grays Harbor1999,16.5,21.7,14.4,34.5,33.4,25.3,17.2,6.1,3.4,,
Island1999,14.4,18.7,15.0,25.3,30.9,20.6,12.3,8.4,1.9,,
Jefferson1999,18.6,23.4,14.1,43.7,49.0,33.7,23.3,8.4,N,,
King1999,25.1,31.7,19.7,48.8,54.9,34.4,20.8,12.4,4.9,,
Kitsap1999,19.0,24.7,14.6,43.2,51.6,24.7,14.2,9.4,1.8,,
Kittitas1999,17.2,19.4,N,27.1,25.5,24.6,12.1,5.3,4.2,,
Klickitat1999,12.5,19.8,N,45.5,45.7,N,9.7,N,N,,
Lewis1999,16.9,19.7,13.8,30.6,34.2,28.6,13.6,10.5,2.3,,
Lincoln1999,8.7,N,N,N,38.7,N,N,N,N,,
Mason1999,16.7,21.6,12.0,40.7,51.5,27.5,12.6,3.5,N,,
Okanogan1999,12.4,20.0,18.1,23.7,38.3,8.7,7.2,5.1,3.1,,
Pacific1999,14.0,19.0,16.5,24.0,37.1,22.6,14.3,N,N,,
Pend Oreille1999,10.0,N,N,N,47.6,N,N,N,N,,
Pierce1999,24.6,32.4,20.9,49.9,56.5,32.6,20.3,11.1,3.3,,
San Juan1999,21.4,20.6,N,N,54.1,42.0,23.2,N,13.9,,
Skagit1999,16.9,27.2,15.7,46.4,33.2,21.9,13.4,7.6,3.2,,
Skamania1999,6.2,N,N,N,N,N,N,N,N,,
Snohomish1999,19.2,27.6,15.8,47.8,44.4,26.7,16.3,9.5,2.7,,
Spokane1999,15.2,20.2,13.7,28.7,32.4,19.0,13.8,6.5,1.9,,
Stevens1999,6.8,7.7,6.3,11.3,18.3,13.0,6.4,N,N,,
Thurston1999,20.6,28.8,16.1,49.5,46.1,28.9,16.4,9.3,3.0,,
Wahkiakum1999,N,N,N,N,N,N,N,N,N,,
Walla Walla1999,14.1,16.5,17.3,15.6,24.3,22.7,11.2,6.6,N,,
Whatcom1999,16.1,19.1,13.4,24.4,25.7,19.7,14.7,10.3,3.3,,
Whitman1999,11.3,10.4,8.8,10.9,16.3,10.7,6.1,7.0,4.3,,
Yakima1999,17.6,23.6,17.2,34.7,41.8,19.5,13.6,5.3,2.3,,
State Total1998,20.0,26.0,17.8,39.2,43.6,28.5,17.3,9.2,3.0,,
Adams1998,7.8,16.5,13.3,23.0,13.5,N,N,N,N,,
Asotin1998,10.1,19.0,11.5,33.7,26.2,11.1,N,N,N,,
Benton1998,14.8,20.8,15.6,31.0,33.1,20.7,14.1,5.5,1.2,,
Chelan1998,12.3,14.4,7.2,27.6,35.3,13.4,9.5,7.1,2.3,,
Clallam1998,15.9,24.1,16.0,40.2,39.8,23.1,12.2,8.3,N,,
Clark1998,15.8,21.0,15.4,31.2,35.4,21.3,15.8,7.2,1.9,,
Columbia1998,9.0,N,N,N,N,N,N,N,N,,
Cowlitz1998,13.6,19.6,14.7,28.5,27.2,21.8,13.2,4.6,1.4,,
Douglas1998,8.0,8.2,N,19.5,17.8,13.6,8.9,3.8,N,,
Ferry1998,9.1,N,N,N,N,N,N,N,N,,
Franklin1998,16.6,18.1,10.1,32.7,37.2,17.5,14.8,9.5,N,,
Garfield1998,N,N,N,N,N,N,N,N,N,,
Grant1998,11.2,15.2,10.0,25.1,31.5,10.6,8.6,3.2,N,,
Grays Harbor1998,18.8,31.8,20.6,53.0,35.8,28.3,13.1,8.8,1.9,,
Island1998,15.2,29.2,20.2,46.1,34.0,13.8,11.7,6.2,4.2,,
Jefferson1998,20.5,26.8,20.2,42.1,60.9,42.8,20.6,5.7,N,,
King1998,25.3,33.8,22.9,50.4,55.2,35.4,21.7,12.4,4.1,,
Kitsap1998,16.1,19.7,13.1,32.3,38.6,23.4,14.5,7.2,2.9,,
Kittitas1998,14.9,19.4,20.8,18.5,20.1,19.4,13.7,7.4,N,,
Klickitat1998,12.3,25.1,17.7,42.8,36.1,14.1,N,N,N,,
Lewis1998,17.0,18.9,12.0,32.3,36.7,23.8,17.3,11.2,2.7,,
Lincoln1998,5.2,N,N,N,N,N,N,N,N,,
Mason1998,18.0,27.4,13.1,57.9,45.0,28.4,15.4,6.9,N,,
Okanogan1998,12.1,22.6,17.3,33.8,20.7,20.4,7.8,5.0,N,,
Pacific1998,14.1,11.2,14.1,N,43.2,14.2,25.4,9.1,N,,
Pend Oreille1998,10.6,N,N,N,53.6,N,N,N,N,,
Pierce1998,23.5,31.3,19.8,49.7,52.3,33.6,18.0,10.7,3.4,,
San Juan1998,21.1,N,N,N,70.2,38.1,26.3,20.8,N,,
Skagit1998,17.7,22.7,14.7,37.0,44.7,25.2,13.9,7.4,2.0,,
Skamania1998,9.7,14.2,N,N,N,19.1,N,N,N,,
Snohomish1998,19.8,28.9,20.1,44.8,44.0,28.3,18.0,9.2,3.5,,
Spokane1998,15.4,19.4,12.6,28.9,33.6,21.9,13.0,5.6,2.1,,
Stevens1998,7.0,7.3,5.5,12.2,14.6,16.0,6.2,4.2,N,,
Thurston1998,20.8,28.9,20.1,44.1,51.9,28.1,17.3,7.0,3.0,,
Wahkiakum1998,N,N,N,N,N,N,N,N,N,,
Walla Walla1998,14.0,19.9,17.8,22.2,24.8,18.9,9.6,5.4,N,,
Whatcom1998,15.5,19.0,16.9,21.1,24.8,20.6,15.6,8.4,2.4,,
Whitman1998,10.8,10.4,N,12.5,15.8,16.1,5.1,N,N,,
Yakima1998,17.3,21.7,15.0,34.0,39.7,23.2,12.4,6.7,2.2,,
State Total1997,21.3,28.6,19.5,43.8,46.7,30.0,17.5,9.9,3.2,,
Adams1997,7.8,10.8,*,24.5,14.0,15.0,*,*,*,,
Asotin1997,13.2,18.7,11.8,32.9,23.3,12.7,15.8,6.3,*,,
Benton1997,15.8,24.4,14.5,44.7,37.6,22.5,11.0,5.8,2.3,,
Chelan1997,14.8,18.9,15.4,25.6,37.2,18.7,13.6,4.3,3.5,,
Clallam1997,16.3,25.0,18.6,38.1,47.7,19.7,14.5,6.3,*,,
Clark1997,15.9,25.0,15.2,43.7,36.0,22.9,11.4,7.6,1.6,,
Columbia1997,11.3,*,*,*,*,*,*,*,*,,
Cowlitz1997,12.6,15.7,9.6,27.3,35.3,16.4,10.3,4.5,*,,
Douglas1997,8.5,11.3,9.0,15.9,17.2,7.3,12.5,3.9,*,,
Ferry1997,9.6,21.3,*,*,*,*,*,*,*,,
Franklin1997,14.8,17.6,11.8,28.6,39.2,17.0,9.4,3.5,*,,
Garfield1997,*,*,*,*,*,*,*,*,*,,
Grant1997,13.1,20.4,14.8,31.5,23.5,20.2,9.0,5.2,*,,
Grays Harbor1997,17.1,26.6,21.3,37.2,36.3,23.8,17.9,5.5,*,,
Island1997,15.0,25.0,17.0,40.5,32.0,20.6,11.3,7.0,*,,
Jefferson1997,21.7,30.7,16.6,64.7,64.1,41.9,22.6,9.9,*,,
King1997,27.3,37.6,25.4,57.0,60.0,38.5,22.2,13.0,4.8,,
Kitsap1997,18.7,27.2,16.8,47.8,45.3,24.0,14.7,9.3,3.2,,
Kittitas1997,18.8,23.7,17.5,27.4,28.3,27.2,12.0,4.5,*,,
Klickitat1997,7.2,14.3,11.1,*,*,11.6,*,*,*,,
Lewis1997,16.8,22.3,15.2,36.5,39.3,22.4,17.1,6.8,1.9,,
Lincoln1997,5.3,*,*,*,*,*,*,*,*,,
Mason1997,19.6,28.6,21.3,45.0,47.1,28.9,16.2,8.6,*,,
Okanogan1997,12.8,15.4,17.3,11.1,30.0,22.3,9.7,6.1,3.0,,
Pacific1997,12.1,16.5,*,32.3,23.1,16.1,18.5,*,*,,
Pend Oreille1997,10.5,13.7,*,*,53.6,*,*,*,*,,
Pierce1997,25.9,34.1,23.3,51.8,57.0,36.0,20.9,12.0,3.5,,
San Juan1997,12.2,17.0,*,*,*,21.2,18.8,*,*,,
Skagit1997,13.9,18.3,15.7,23.2,29.2,21.3,13.6,7.4,*,,
Skamania1997,9.2,*,*,*,*,*,*,*,*,,
Snohomish1997,20.6,29.9,19.1,50.3,50.0,28.9,17.1,9.3,3.0,,
Spokane1997,16.0,22.5,13.9,35.1,36.3,20.5,11.5,6.7,1.9,,
Stevens1997,8.9,11.1,7.5,20.9,35.8,13.5,*,3.4,*,,
Thurston1997,21.0,30.0,23.8,41.1,45.6,29.7,15.9,10.8,3.9,,
Wahkiakum1997,*,*,*,*,*,*,*,*,*,,
Walla Walla1997,11.7,14.1,12.3,16.1,24.3,12.6,9.9,5.9,*,,
Whatcom1997,17.8,24.3,20.5,28.2,29.5,23.3,15.6,9.1,2.4,,
Whitman1997,11.9,10.5,8.5,11.2,15.7,20.2,7.4,*,*,,
Yakima1997,18.4,26.4,19.0,40.6,37.8,21.6,15.7,8.6,1.6,,